Nationality,Athlete Name
USA,Christian COLEMAN
USA,Noah LYLES
Kenya,Ferdinand OMANYALA
Botswana,Letsile TEBOGO
Jamaica,Kishane THOMPSON
Jamaica,Oblique SEVILLE
South Africa,Akani SIMBINE
Jamaica,Ackeem BLAKE
Cameroon,Emmanuel ESEME
USA,Fred KERLEY
Japan,Abdul Hakim SANI BROWN
Italy,Lamont Marcell JACOBS
Jamaica,Yohan BLAKE
Saint Kitts and Nevis,Ryiem FORDE
USA,Marvin BRACY-WILLIAMS
Nigeria,Chituru ALI
Liberia,Emmanuel MATADI
Canada,Andre DE GRASSE
USA,Brandon HICKLIN
UK,Jeremiah AZU
USA,Kyree KING
USA,Kenneth BEDNAREK
Germany,Joshua HARTMANN
Australia,Rohan WATSON
USA,Brandon CARNES
USA,Ronnie BAKER
Japan,Hiroki YANAGITA
Brazil,Felipe BARDI
Sweden,Henrik LARSSON
Nigeria,Kayinsola AJAYI
British Virgin Islands,Rikkoi BRATHWAITE
USA,Kendal WILLIAMS
Germany,Owen ANSAH
USA,Pjai AUSTIN
Nigeria,Usheoritse ITSEKIRI
UK,Louie HINCHLIFFE
USA,Wanya MCCOY
Japan,Akihiro HIGASHIDA
Brazil,Erik CARDOSO
China,Zhenye XIE
USA,Courtney LINDSEY
Ghana,Benjamin AZAMATI
Jamaica,Julian FORTE
Netherlands,Duan ASEMOTA
Denmark,Simon HANSEN
USA,Romell GLAVE
Iran,Hassan TAFTIAN
Japan,Shuhei TADA
Spain,Pablo MATEO
USA,Benjamin RICHARDSON
Ivory Coast,Arthur CISSE
Spain,Jose GONZALEZ
Turkey,Kayhan OZER
Canada,Aaron BROWN
USA,Christian MILLER
Bahrain,Ali Anwar Ali AL BALUSHI

